{
    "faces":[35,0,1,3,2,0,0,0,0,0,35,2,3,7,6,0,1,1,1,1,35,6,7,5,4,0,2,2,2,2,35,1,0,4,5,0,3,3,3,3,35,4,0,2,6,0,4,4,4,4,35,7,3,1,5,0,5,5,5,5],
    "metadata":{
        "generator":"io_three",
        "uvs":0,
        "materials":1,
        "normals":6,
        "type":"Geometry",
        "faces":6,
        "version":3,
        "vertices":8
    },
    "uvs":[],
    "materials":[{
        "doubleSided":false,
        "opacity":1,
        "wireframe":false,
        "colorDiffuse":[0.136363,0.263606,0.303198],
        "depthTest":true,
        "DbgIndex":0,
        "DbgColor":15658734,
        "transparent":false,
        "visible":true,
        "shading":"phong",
        "blending":"NormalBlending",
        "colorEmissive":[0,0,0],
        "colorSpecular":[0.5,0.5,0.5],
        "DbgName":"Material.001",
        "depthWrite":true,
        "specularCoef":50
    }],
    "normals":[-1,0,0,0,-0.47285,-0.881143,1,0,0,0,0.47285,0.881143,0,-1,3.20804e-08,0,1,0],
    "vertices":[-0.83035,0.140613,2.56501,-0.83035,3.30232,0.86834,-0.83035,0.140613,-1.15094,-0.83035,3.30232,-2.84761,0.125601,0.140613,2.56501,0.125601,3.30232,0.86834,0.125601,0.140613,-1.15094,0.125601,3.30232,-2.84761]
}