{
    "data":{
        "index":{
            "itemSize":1,
            "type":"Uint16Array",
            "array":[0,1,2,3,4,5,6,7,8,9,10,11,12,13,14,15,16,17,18,19,20,21,22,23]
        },
        "attributes":{
            "normal":{
                "itemSize":3,
                "type":"Float32Array",
                "array":[-1,5.51372e-10,1.78399e-07,-1,5.51372e-10,1.78399e-07,-1,5.51372e-10,1.78399e-07,1,-5.51372e-10,-1.78399e-07,1,-5.51372e-10,-1.78399e-07,1,-5.51372e-10,-1.78399e-07,-6.58721e-08,0.867243,-0.497885,-6.58721e-08,0.867243,-0.497885,-6.58721e-08,0.867243,-0.497885,1.32071e-07,0.00309062,0.999995,1.32071e-07,0.00309062,0.999995,1.32071e-07,0.00309062,0.999995,0,-0.872012,-0.489485,0,-0.872012,-0.489485,0,-0.872012,-0.489485,-1.31744e-07,0.867243,-0.497885,-1.31744e-07,0.867243,-0.497885,-1.31744e-07,0.867243,-0.497885,1.32303e-07,0.00309062,0.999995,1.32303e-07,0.00309062,0.999995,1.32303e-07,0.00309062,0.999995,-1.29521e-07,-0.872012,-0.489485,-1.29521e-07,-0.872012,-0.489485,-1.29521e-07,-0.872012,-0.489485]
            },
            "uv":{
                "itemSize":2,
                "type":"Float32Array",
                "array":[1,0.496588,0.5,0.24199,1,0,0.5,0.496588,0,0.254598,0.5,0,0,0.496588,0.159758,1,2.21934e-07,1,0.479273,0.496588,0.319515,0.993176,0.319515,0.496588,0.159758,0.993742,0.319515,0.496588,0.319515,0.993742,0,0.496588,0.159757,0.496588,0.159758,1,0.479273,0.496588,0.479273,0.993176,0.319515,0.993176,0.159758,0.993742,0.159758,0.496588,0.319515,0.496588]
            },
            "position":{
                "itemSize":3,
                "type":"Float32Array",
                "array":[-0.438136,3.35437,0.964221,-0.438136,1.72685,-1.87067,-0.438136,0.129959,0.974186,0.46289,0.129959,0.974186,0.462889,1.72685,-1.87067,0.46289,3.35437,0.964221,0.462889,1.72685,-1.87067,-0.438136,3.35437,0.964221,0.46289,3.35437,0.964221,0.46289,0.129959,0.974186,-0.438136,3.35437,0.964221,-0.438136,0.129959,0.974186,-0.438136,0.129959,0.974186,0.462889,1.72685,-1.87067,0.46289,0.129959,0.974186,0.462889,1.72685,-1.87067,-0.438136,1.72685,-1.87067,-0.438136,3.35437,0.964221,0.46289,0.129959,0.974186,0.46289,3.35437,0.964221,-0.438136,3.35437,0.964221,-0.438136,0.129959,0.974186,-0.438136,1.72685,-1.87067,0.462889,1.72685,-1.87067]
            }
        }
    },
    "metadata":{
        "generator":"io_three",
        "version":3,
        "type":"BufferGeometry",
        "normal":24,
        "uv":24,
        "position":24
    }
}