{
    "metadata":{
        "vertices":16,
        "generator":"io_three",
        "uvs":0,
        "colors":0,
        "version":3,
        "type":"Geometry",
        "materials":1,
        "faces":16,
        "normals":16
    },
    "vertices":[-2.12721,0.81727,0.128846,2.05348,0.81727,0.128846,-2.12721,2.82883,0.128846,2.04551,2.82883,0.128846,-0.0352018,1.39998,0.128955,-2.12721,2.82883,-0.481611,-2.12721,0.81727,-0.481611,2.05348,0.81727,-0.481611,2.04551,2.82883,-0.481611,-0.0352018,1.39998,-0.481502,-0.0390492,1.78888,0.128846,-2.08706,3.17772,0.128846,2.00896,3.17772,0.128846,-2.08706,3.17772,-0.481612,-0.0390492,1.78888,-0.481612,2.00896,3.17772,-0.481612],
    "uvs":[],
    "colors":[],
    "materials":[{
        "wireframe":false,
        "visible":true,
        "DbgIndex":0,
        "blending":"NormalBlending",
        "shading":"phong",
        "vertexColors":false,
        "DbgName":"Material.002",
        "colorSpecular":[0.507246,0.507246,0.507246],
        "specularCoef":50,
        "depthWrite":true,
        "opacity":1,
        "DbgColor":15658734,
        "doubleSided":false,
        "depthTest":true,
        "colorEmissive":[0,0,0],
        "transparent":false
    }],
    "faces":[34,0,2,4,0,0,0,0,34,4,3,1,0,1,1,1,34,4,1,0,0,2,2,2,34,9,5,6,0,3,3,3,34,7,8,9,0,4,4,4,34,6,7,9,0,5,5,5,35,1,3,8,7,0,6,6,6,6,35,2,0,6,5,0,7,7,7,7,35,4,2,5,9,0,8,8,8,8,35,0,1,7,6,0,9,9,9,9,35,3,4,9,8,0,10,10,10,10,34,11,10,12,0,11,11,11,34,13,15,14,0,12,12,12,35,11,12,15,13,0,13,13,13,13,35,10,11,13,14,0,14,14,14,14,35,12,10,14,15,0,15,15,15,15],
    "normals":[5.23278e-05,1.48155e-08,-1,-5.24691e-05,-1.93019e-07,-1,0,0.000187878,-1,-5.23308e-05,-2.96311e-08,1,5.24721e-05,1.78215e-07,1,0,-0.000187903,1,-0.999992,-0.00396105,0,1,0,-0,-0.564004,-0.825772,0,0,1,-9.76393e-08,0.566086,-0.824346,0,0,-2.14584e-08,1,0,0,-1,0,1,-0,-0.561258,-0.827641,0,0.561257,-0.827641,0]
}