{
    "vertices":[-0.327526,-0.244129,1.66837,-0.234964,2.14394,1.2276,-0.327526,-0.24413,-1.6462,-0.234964,2.14394,-1.20544,0.368535,-0.244129,1.66837,0.275974,2.14394,1.2276,0.368535,-0.24413,-1.6462,0.275974,2.14394,-1.20544,-0.23472,2.21611,0.96758,0.275724,2.21611,0.96758,-0.23472,2.3871,0.912072,0.275724,2.3871,0.912072,-0.23472,2.54469,0.821933,0.275724,2.54469,0.821933,-0.23472,2.68281,0.700625,0.275724,2.68281,0.700625,-0.23472,2.79617,0.552812,0.275724,2.79617,0.552812,-0.23472,2.8804,0.384173,0.275724,2.8804,0.384173,-0.23472,2.93227,0.201189,0.275724,2.93227,0.201189,-0.23472,2.94979,0.010892,0.275724,2.94979,0.010892,-0.23472,2.93227,-0.179405,0.275724,2.93227,-0.179405,-0.23472,2.8804,-0.362389,0.275724,2.8804,-0.362389,-0.23472,2.79617,-0.531028,0.275724,2.79617,-0.531028,-0.23472,2.68281,-0.678841,0.275724,2.68281,-0.678841,-0.23472,2.54468,-0.800148,0.275724,2.54468,-0.800148,-0.23472,2.3871,-0.890287,0.275724,2.3871,-0.890287,-0.23472,2.2161,-0.945794,0.275724,2.2161,-0.945794,-0.234721,2.26156,1.2121,0.275724,2.26156,1.2121,-0.234721,2.47625,1.1424,0.275724,2.47625,1.1424,-0.234721,2.67412,1.02922,0.275724,2.67412,1.02922,-0.234721,2.84755,0.876911,0.275724,2.84755,0.876911,-0.234721,2.98988,0.691319,0.275724,2.98988,0.691319,-0.234721,3.09564,0.479578,0.275724,3.09564,0.479578,-0.234721,3.16076,0.249826,0.275724,3.16076,0.249826,-0.234721,3.18275,0.0108917,0.275724,3.18275,0.0108917,-0.234721,3.16076,-0.228042,0.275724,3.16076,-0.228042,-0.234721,3.09564,-0.457794,0.275724,3.09564,-0.457794,-0.234721,2.98987,-0.669535,0.275724,2.98988,-0.669535,-0.234721,2.84754,-0.855127,0.275724,2.84754,-0.855127,-0.234721,2.67411,-1.00744,0.275724,2.67411,-1.00744,-0.234721,2.47625,-1.12062,0.275724,2.47625,-1.12062,-0.234721,2.26155,-1.19031,0.275724,2.26155,-1.19031,0.275724,2.14394,-1.20271,0.275724,2.14394,-0.953401,0.275724,2.14394,1.22449,0.275724,2.14394,0.975186,-0.234721,2.14394,-1.20271,-0.23472,2.14394,-0.953401,-0.23472,2.14394,0.975186,-0.234721,2.14394,1.22449,-0.327526,-0.244129,1.66837,-0.234964,2.14394,1.2276,-0.327526,-0.24413,-1.6462,-0.234964,2.14394,-1.20544,0.368535,-0.244129,1.66837,0.275974,2.14394,1.2276,0.368535,-0.24413,-1.6462,0.275974,2.14394,-1.20544],
    "materials":[{
        "colorEmissive":[0,0,0],
        "blending":"NormalBlending",
        "visible":true,
        "DbgName":"Material",
        "mapDiffuseRepeat":[1,1],
        "doubleSided":false,
        "DbgIndex":1,
        "transparent":false,
        "shading":"lambert",
        "mapDiffuseWrap":["repeat","repeat"],
        "colorDiffuse":[0.8,0.8,0.8],
        "wireframe":false,
        "DbgColor":15597568,
        "depthWrite":true,
        "depthTest":true,
        "opacity":1,
        "mapDiffuse":"tote texture.png",
        "mapDiffuseAnisotropy":1
    },{
        "colorEmissive":[0,0,0],
        "blending":"NormalBlending",
        "visible":true,
        "DbgName":"Material.001",
        "doubleSided":false,
        "DbgIndex":0,
        "transparent":false,
        "shading":"phong",
        "colorSpecular":[0.5,0.5,0.5],
        "colorDiffuse":[0.0852314,0.0852314,0.0852314],
        "wireframe":false,
        "DbgColor":15658734,
        "depthWrite":true,
        "depthTest":true,
        "opacity":1,
        "specularCoef":50
    },{
        "colorEmissive":[0,0,0],
        "blending":"NormalBlending",
        "visible":true,
        "DbgName":"Material.003",
        "doubleSided":false,
        "DbgIndex":2,
        "transparent":false,
        "shading":"lambert",
        "colorDiffuse":[0,0,0],
        "wireframe":false,
        "DbgColor":60928,
        "depthWrite":true,
        "depthTest":true,
        "opacity":1
    }],
    "metadata":{
        "version":3,
        "type":"Geometry",
        "generator":"io_three",
        "vertices":84,
        "uvs":2,
        "normals":67,
        "faces":207,
        "materials":3
    },
    "normals":[-0.99925,0.0387309,-1.08483e-09,0,0.181505,-0.98339,0.99925,0.0387309,-1.08483e-09,0,0.181506,0.98339,0,-1,7.19304e-08,-0,1,0,0,1,-0,0,1,0,0,1,0,-7.10423e-08,0.308759,0.95114,-1.15574e-07,0.49651,0.868031,-1.48875e-07,0.659879,0.751372,-3.72201e-07,0.793518,0.608547,-8.37229e-07,0.894612,0.446843,-4.50872e-07,0.962093,0.272721,-4.65439e-07,0.995791,0.0916489,-4.65439e-07,0.995791,-0.0916502,-2.25436e-07,0.962092,-0.272724,-4.16195e-07,0.894611,-0.446845,-1.86101e-07,0.793517,-0.608548,0,0.659877,-0.751373,0,0.496508,-0.868032,0,0.308758,-0.951141,0,0.104817,-0.994491,0,0.30876,0.95114,0,0.49651,0.868031,0,0.659879,0.751372,-3.74446e-07,0.793518,0.608547,-4.1627e-07,0.894612,0.446843,0,0.962093,0.272721,0,0.995791,0.0916496,0,0.995791,-0.0916516,0,0.962093,-0.272723,-4.1627e-07,0.894611,-0.446845,-5.53869e-07,0.793517,-0.608548,-1.50188e-07,0.659877,-0.751373,0,0.496508,-0.868032,-7.2747e-08,0.308756,-0.951141,-2.5069e-08,0.104818,-0.994492,-1,0,0,-1,0,0,-1,9.65917e-08,1.53115e-08,-1,9.65915e-08,-1.53116e-08,-1,9.79324e-08,2.59171e-09,-1,-0,0,-1,1.41519e-07,-4.01159e-08,-1,9.79323e-08,-2.59198e-09,-1,1.41518e-07,4.01158e-08,1,9.98099e-08,2.0204e-07,1,3.86916e-09,2.49952e-07,1,1.2119e-07,2.11872e-07,1,6.51616e-08,1.83116e-07,1,1.02139e-07,1.67717e-07,1,2.2673e-07,1.13248e-07,1,2.46016e-07,6.97375e-08,1,2.55848e-07,2.35473e-08,1,2.55848e-07,-2.35477e-08,1,2.46016e-07,-6.97381e-08,1,2.2673e-07,-1.13248e-07,1,1.02139e-07,-1.67718e-07,1,6.51614e-08,-1.83116e-07,1,1.21189e-07,-2.11872e-07,1,3.86858e-09,-2.49953e-07,1,2.51988e-08,-2.39082e-07,-0,1,0,-2.51422e-08,0.104818,0.994491,-1.15701e-07,0.104818,0.994491],